,media,dp
ZeroR,0.6274274047186933,0.00441189245975379
OneR,0.9141463572724915,0.039822475517287674
ProbabilisticOneR,0.8368518278454757,0.07188062554967808
Centroid,0.8913641863278887,0.03879383921566746
CentroidOneR,0.9034309912712816,0.036006020163806926
GaussianNB,0.9386796733212339,0.030112887483699426
