,media,dp
KNN,0.9316588886008124,0.031245167972901115
DTC,0.9176216403076658,0.046717364496935934
MLPC,0.7249827154092127,0.2665550974529333
RFC,0.9597042174401521,0.027947022081983387
