,media,dp
KNN,0.9316588886008124,0.031245167972901115
DTC,0.9247353297035692,0.04776513976795681
MLPC,0.8216338259441708,0.1509915432507761
RFC,0.9684772275516377,0.026714337130569112
