,media,dp
KNN,0.9788938332167104,0.017601243897194148
DTC,0.8287534976312847,0.041530804188790384
MLPC,0.9281986073438219,0.029284844908633187
RFC,0.9494055851947522,0.02213716025466531
