,media,dp
ZeroR,0.10127425688130931,0.001274401867253491
OneR,0.23303354606521257,0.021685445382370397
GaussianNB,0.8103537583567821,0.056655402070708565
