,media,dp
ZeroR,0.10127425688130931,0.001274401867253491
OneR,0.23303354606521257,0.021685445382370397
ProbabilisticOneR,0.1874123495101465,0.030460221462502213
Centroid,0.8836101717889818,0.04112678822301056
CentroidOneR,0.23363618614405857,0.024133635663880226
GaussianNB,0.8103537583567821,0.056655402070708565
