,media,dp
KNN,0.9788938332167104,0.017601243897194148
DTC,0.8232394270536018,0.03249967328845698
MLPC,0.9226871527637905,0.04196831060356903
RFC,0.9555541883709425,0.021147489474344968
