,media,dp
KNN,0.9533333333333334,0.059999999999999984
DTC,0.9533333333333334,0.04268749491621898
MLPC,0.7400000000000001,0.1562049935181331
RFC,0.9533333333333334,0.04268749491621898
