,media,dp
KNN,0.9533333333333334,0.059999999999999984
DTC,0.9666666666666666,0.033333333333333326
MLPC,0.7133333333333334,0.20666666666666667
RFC,0.96,0.044221663871405324
