,media,dp
ZeroR,0.33333333333333337,5.551115123125783e-17
OneR,0.9533333333333334,0.06699917080747259
GaussianNB,0.9533333333333334,0.04268749491621898
