,media,dp
KNN,0.7089245786033712,0.12428744272161676
DTC,0.8891468868249053,0.070045571183147
MLPC,0.4744517543859649,0.2411234073186189
RFC,0.9614035087719298,0.04991014805462425
