,media,dp
ZeroR,0.3992539559683522,0.016871583549832498
OneR,0.6235208118335054,0.07712192798491828
ProbabilisticOneR,0.5377020983832129,0.06728703122323874
Centroid,0.7216073271413829,0.08490131985948657
CentroidOneR,0.7327184382524939,0.0842522501710735
GaussianNB,0.9616959064327485,0.042442001415448946
