,media,dp
ZeroR,0.3992539559683522,0.016871583549832498
OneR,0.6235208118335054,0.07712192798491828
GaussianNB,0.9616959064327485,0.042442001415448946
