,media,dp
KNN,0.7089245786033712,0.12428744272161676
DTC,0.8891468868249055,0.0783642134115304
MLPC,0.5133621431028552,0.19558715241796218
RFC,0.9718954248366012,0.028119770933724135
